file,status,pages,characters,text_file,summary_file,error,processed_at
ALV_2023_2.pdf,success,23,34959,data\processed\annual_report_text\ALV_2023_2.txt,reports\annual_report_summaries\ALV_2023_2_summary.txt,,2026-10-09T10:46:56
ALV_2024_1.pdf,success,154,594447,data\processed\annual_report_text\ALV_2024_1.txt,reports\annual_report_summaries\ALV_2024_1_summary.txt,,2026-10-09T10:46:57
ALV_2025_1.pdf,success,122,487228,data\processed\annual_report_text\ALV_2025_1.txt,reports\annual_report_summaries\ALV_2025_1_summary.txt,,2026-10-09T10:47:00
CTG_2022_1.pdf,success,51,142024,data\processed\annual_report_text\CTG_2022_1.txt,reports\annual_report_summaries\CTG_2022_1_summary.txt,,2026-10-09T10:47:02
CTG_2023_1.pdf,success,35,89350,data\processed\annual_report_text\CTG_2023_1.txt,reports\annual_report_summaries\CTG_2023_1_summary.txt,,2026-10-09T10:47:05
CTG_2024_1.pdf,success,40,100834,data\processed\annual_report_text\CTG_2024_1.txt,reports\annual_report_summaries\CTG_2024_1_summary.txt,,2026-10-09T10:47:05
CTG_2025_1.pdf,success,83,207335,data\processed\annual_report_text\CTG_2025_1.txt,reports\annual_report_summaries\CTG_2025_1_summary.txt,,2026-10-09T10:47:06
FPT_2022_1.pdf,success,93,59919,data\processed\annual_report_text\FPT_2022_1.txt,reports\annual_report_summaries\FPT_2022_1_summary.txt,,2026-10-09T10:47:07
FPT_2023_1.pdf,success,35,378,data\processed\annual_report_text\FPT_2023_1.txt,reports\annual_report_summaries\FPT_2023_1_summary.txt,,2026-10-09T10:47:13
FPT_2024_1.pdf,success,62,124303,data\processed\annual_report_text\FPT_2024_1.txt,reports\annual_report_summaries\FPT_2024_1_summary.txt,,2026-10-09T10:47:13
FPT_2025_1.pdf,success,61,361,data\processed\annual_report_text\FPT_2025_1.txt,reports\annual_report_summaries\FPT_2025_1_summary.txt,,2026-10-09T10:47:14
HDG_2023_3.pdf,success,47,136460,data\processed\annual_report_text\HDG_2023_3.txt,reports\annual_report_summaries\HDG_2023_3_summary.txt,,2026-10-09T10:47:14
HPG_2022_1.pdf,success,156,325589,data\processed\annual_report_text\HPG_2022_1.txt,reports\annual_report_summaries\HPG_2022_1_summary.txt,,2026-10-09T10:47:15
HPG_2023_1.pdf,success,145,291869,data\processed\annual_report_text\HPG_2023_1.txt,reports\annual_report_summaries\HPG_2023_1_summary.txt,,2026-10-09T10:47:17
HPG_2024_1.pdf,success,156,325589,data\processed\annual_report_text\HPG_2024_1.txt,reports\annual_report_summaries\HPG_2024_1_summary.txt,,2026-10-09T10:47:18
HPG_2025_1.pdf,success,86,153023,data\processed\annual_report_text\HPG_2025_1.txt,reports\annual_report_summaries\HPG_2025_1_summary.txt,,2026-10-09T10:47:20
MWG_2023_1.pdf,success,98,176691,data\processed\annual_report_text\MWG_2023_1.txt,reports\annual_report_summaries\MWG_2023_1_summary.txt,,2026-10-09T10:47:21
TCB_2022_1.pdf,needs_review,0,0,data\processed\annual_report_text\TCB_2022_1.txt,reports\annual_report_summaries\TCB_2022_1_summary.txt,Van ban qua ngan; kiem tra PDF hoac OCR.,2026-10-09T10:47:21
VCB_2022.pdf,success,117,395399,data\processed\annual_report_text\VCB_2022.txt,reports\annual_report_summaries\VCB_2022_summary.txt,,2026-10-09T10:47:21
VCB_2022_1.pdf,success,51,82308,data\processed\annual_report_text\VCB_2022_1.txt,reports\annual_report_summaries\VCB_2022_1_summary.txt,,2026-10-09T10:47:24
VCB_2024_1.pdf,success,25,41559,data\processed\annual_report_text\VCB_2024_1.txt,reports\annual_report_summaries\VCB_2024_1_summary.txt,,2026-10-09T10:47:25
VCB_2025.pdf,success,113,419104,data\processed\annual_report_text\VCB_2025.txt,reports\annual_report_summaries\VCB_2025_summary.txt,,2026-10-09T10:47:25
VCB_2025_1.pdf,needs_review,54,122,data\processed\annual_report_text\VCB_2025_1.txt,reports\annual_report_summaries\VCB_2025_1_summary.txt,Van ban qua ngan; kiem tra PDF hoac OCR.,2026-10-09T10:47:27
VNM_2022.pdf,success,172,333889,data\processed\annual_report_text\VNM_2022.txt,reports\annual_report_summaries\VNM_2022_summary.txt,,2026-10-09T10:47:27
VNM_2022_1.pdf,success,172,333521,data\processed\annual_report_text\VNM_2022_1.txt,reports\annual_report_summaries\VNM_2022_1_summary.txt,,2026-10-09T10:47:29
VNM_2022_2.pdf,success,172,333889,data\processed\annual_report_text\VNM_2022_2.txt,reports\annual_report_summaries\VNM_2022_2_summary.txt,,2026-10-09T10:47:31
VNM_2023.pdf,success,1,2261,data\processed\annual_report_text\VNM_2023.txt,reports\annual_report_summaries\VNM_2023_summary.txt,,2026-10-09T10:47:32
VNM_2023_1.pdf,needs_review,0,0,data\processed\annual_report_text\VNM_2023_1.txt,reports\annual_report_summaries\VNM_2023_1_summary.txt,Van ban qua ngan; kiem tra PDF hoac OCR.,2026-10-09T10:47:32
VNM_2024.pdf,success,96,389037,data\processed\annual_report_text\VNM_2024.txt,reports\annual_report_summaries\VNM_2024_summary.txt,,2026-10-09T10:47:32
VNM_2025.pdf,success,112,480573,data\processed\annual_report_text\VNM_2025.txt,reports\annual_report_summaries\VNM_2025_summary.txt,,2026-10-09T10:47:33
VNM_2025_1.pdf,success,111,453694,data\processed\annual_report_text\VNM_2025_1.txt,reports\annual_report_summaries\VNM_2025_1_summary.txt,,2026-10-09T10:47:35
VXT_2022_1.pdf,success,1110,1171442,data\processed\annual_report_text\VXT_2022_1.txt,reports\annual_report_summaries\VXT_2022_1_summary.txt,,2026-10-09T10:47:36
VXT_2023_2.pdf,success,1218,1278219,data\processed\annual_report_text\VXT_2023_2.txt,reports\annual_report_summaries\VXT_2023_2_summary.txt,,2026-10-09T10:47:39
